<?xml version="1.0" encoding="UTF-8"?>
<project-private xmlns="http://www.netbeans.org/ns/project-private/1">
    <editor-bookmarks xmlns="http://www.netbeans.org/ns/editor-bookmarks/2" lastBookmarkId="0"/>
    <open-files xmlns="http://www.netbeans.org/ns/projectui-open-files/2">
        <group>
            <file>file:/C:/Users/hp/Desktop/ajt%20project/NetBanking/web/register.jsp</file>
            <file>file:/C:/Users/hp/Desktop/ajt%20project/NetBanking/web/index.jsp</file>
            <file>file:/C:/Users/hp/Desktop/ajt%20project/NetBanking/web/signup.jsp</file>
            <file>file:/C:/Users/hp/Desktop/ajt%20project/NetBanking/web/profile.jsp</file>
            <file>file:/C:/Users/hp/Desktop/ajt%20project/NetBanking/web/backend.jsp</file>
        </group>
    </open-files>
</project-private>
